Lat,Long,City,Country,Date,Max Temp,Cloudiness,Humidity,Wind Speed
72.7868,-56.1549,Upernavik,GL,1665505034,19.83,100,69,4.45
-46.1927,168.8643,Mataura,NZ,1665504745,43.48,99,65,0.78
8.5711,81.2335,Trincomalee,LK,1665505034,80.56,46,80,5.68
27.9769,-114.0611,Guerrero Negro,MX,1665505035,70.77,98,77,9.71
35.4333,133.8167,Kurayoshi,JP,1665505035,59.38,85,73,2.89
22.0752,-159.319,Kapaa,US,1665505036,75.18,0,81,5.75
42.097,-79.2353,Jamestown,US,1665505036,69.39,0,41,13.8
69.3833,178.4167,Leningradskiy,RU,1665505036,22.62,100,68,24.58
54.675,20.1347,Tsimmerbude,RU,1665505037,51.85,15,73,16.4
65.6145,-37.6368,Tasiilaq,GL,1665504790,32.16,100,99,0.25
73.5069,80.5464,Dikson,RU,1665505037,32.16,100,99,7.16
19.7297,-155.09,Hilo,US,1665505038,83.28,20,78,5.75
39.1834,-84.5333,Hamilton,US,1665504963,72.99,75,45,12.66
60.6333,24.8667,Hyvinkää,FI,1665505038,48.85,69,96,1.99
42.8,93.45,Kumul,CN,1665505039,53.55,6,28,7.54
-37.8333,140.7667,Mount Gambier,AU,1665505039,62.73,100,37,11.56
49.7837,33.2783,Khorol,UA,1665505040,47.1,0,55,7.4
-5.3582,104.9744,Pringsewu,ID,1665505040,74.97,100,94,3.27
-23.1203,-134.9692,Rikitea,PF,1665505041,70.81,4,74,6.64
-45.8667,-67.5,Comodoro Rivadavia,AR,1665504765,64.26,0,34,27.63
-38.0023,-57.5575,Mar del Plata,AR,1665505041,68.02,0,76,13.0
-13.7,-76.2167,Pisco,PE,1665505042,66.25,0,68,8.05
-14.2667,50.1667,Sambava,MG,1665505042,70.81,0,82,11.7
59.7035,30.7861,Nikolskoye,RU,1665505043,49.91,100,82,10.56
7.0419,134.2556,Kloulklubed,PW,1665505043,79.3,100,75,8.43
34.6391,-120.4579,Lompoc,US,1665504894,64.56,100,97,3.44
-53.15,-70.9167,Punta Arenas,CL,1665504750,50.11,75,50,21.85
20.7,-105.2,Ixtapa,MX,1665504994,86.23,0,65,3.44
-33.0153,27.9116,East London,ZA,1665504939,74.34,40,49,13.8
-34.5322,20.0403,Bredasdorp,ZA,1665504926,67.66,54,72,8.84
-16.6228,-72.7111,Camaná,PE,1665505044,65.97,57,69,11.23
-33.65,115.3333,Busselton,AU,1665505045,52.48,58,69,9.73
28.3667,129.4833,Naze,JP,1665505045,70.72,58,64,12.86
69.7008,170.3133,Pevek,RU,1665505045,27.07,100,84,26.84
52.6,103.9,Kitoy,RU,1665505046,36.48,19,92,4.97
38.5167,-28.7,Ribeira Grande,PT,1665504875,76.77,20,69,9.22
50.6789,156.125,Severo-Kuril'sk,RU,1665505046,50.9,92,94,15.99
39.447,-86.1758,Bud,US,1665505047,71.55,97,44,12.01
70.6333,147.9167,Chokurdakh,RU,1665505047,11.44,94,83,9.33
61.994,-49.6678,Paamiut,GL,1665505048,34.65,94,67,5.17
22.8909,-109.9124,Cabo San Lucas,MX,1665505048,89.91,0,48,9.22
-18.0607,13.84,Opuwo,NA,1665505049,94.14,70,7,12.88
63.4453,120.3167,Verkhnevilyuysk,RU,1665505049,28.31,100,92,6.46
50.751,33.4747,Romny,UA,1665505050,45.36,0,61,7.18
-9.8,-139.0333,Atuona,PF,1665504924,76.23,67,75,15.39
-20.4081,57.7,Mahébourg,MU,1665505051,71.89,40,73,6.91
-54.8,-68.3,Ushuaia,AR,1665505051,53.26,20,40,11.5
37.4636,-122.4286,Half Moon Bay,US,1665504938,60.71,100,93,4.61
-36.2333,149.1333,Cooma,AU,1665505052,46.17,100,100,8.05
34.0833,119.7167,Yunhe,CN,1665505053,52.56,0,71,3.29
7.7669,-72.225,San Cristobal,VE,1665505054,82.58,52,46,7.23
-22.092,-70.1979,Tocopilla,CL,1665504968,65.16,13,63,9.06
68.75,161.3,Cherskiy,RU,1665505054,17.6,100,91,14.07
36.8163,50.8738,Tonekābon,IR,1665505055,71.55,0,65,4.29
-35.1,173.7833,Kaeo,NZ,1665505055,54.32,100,93,4.14
-32.95,151.6667,Charlestown,AU,1665504998,58.82,4,93,3.85
25.2867,51.5333,Doha,QA,1665504961,91.71,0,56,4.61
-14.4667,132.2667,Katherine,AU,1665505056,84.52,31,54,10.36
22.2769,113.5678,Zhuhai,CN,1665505056,76.71,0,50,10.36
-9.5402,16.341,Malanje,AO,1665505057,80.35,92,33,6.49
28.1667,94.7667,Along,IN,1665504812,69.87,100,99,1.21
-20.2078,57.7625,Quatre Cocos,MU,1665505057,71.71,12,68,12.91
17.8815,-76.4093,Morant Bay,JM,1665505058,87.71,64,74,10.27
29.1081,21.2869,Awjilah,LY,1665505058,82.04,100,26,7.25
78.2186,15.6401,Longyearbyen,SJ,1665505059,33.64,75,69,24.16
-0.6,73.0833,Hithadhoo,MV,1665505059,79.88,100,81,17.67
20.15,92.9,Sittwe,MM,1665505060,81.16,50,75,2.64
-35.3333,-72.4167,Constitución,CL,1665505059,59.99,6,61,14.0
71.9667,102.5,Khatanga,RU,1665505060,27.61,100,94,3.6
4.9333,-52.3333,Cayenne,GF,1665505009,89.64,40,62,11.5
-13.2,49.05,Ambilobe,MG,1665505061,72.46,0,67,2.28
14.8961,-24.4956,São Filipe,CV,1665505061,80.11,42,74,7.72
70.4692,-68.5914,Clyde River,CA,1665505062,21.43,75,68,16.11
7.85,9.7833,Wukari,NG,1665505062,86.02,31,68,4.47
0.8,127.4,Ternate,ID,1665505062,80.6,94,81,7.27
23.6139,58.5922,Muscat,OM,1665505063,84.22,0,36,3.56
5.4112,100.3354,George Town,MY,1665505063,82.89,20,84,1.01
4.1363,96.1285,Meulaboh,ID,1665505064,78.1,100,82,1.77
-33.5906,26.891,Port Alfred,ZA,1665505064,66.18,100,85,8.99
34.261,-6.5802,Kenitra,MA,1665505064,72.36,14,60,10.92
42.6001,-73.9662,Albany,US,1665505065,61.23,36,77,2.64
40.3698,-80.634,Steubenville,US,1665505065,69.1,0,54,1.99
9.4942,50.8122,Bandarbeyla,SO,1665505066,77.9,76,86,17.13
47.7764,44.5089,Sadovoye,RU,1665505066,51.4,100,84,18.95
33.5835,-81.5998,Aiken,US,1665504889,79.09,40,61,10.36
-33.6971,-53.4616,Chui,UY,1665505067,56.61,100,93,9.48
55.2999,-123.1698,Mackenzie,CA,1665505067,41.22,100,65,6.91
60.8156,-115.7999,Hay River,CA,1665505063,35.58,100,80,31.07
-3.6667,152.4333,Namatanai,PG,1665505068,80.02,64,77,6.13
-3.8004,102.2655,Bengkulu,ID,1665505068,75.6,95,88,4.23
53.9166,-122.753,Prince George,CA,1665504944,46.62,100,64,9.22
-42.8794,147.3294,Hobart,AU,1665505031,54.05,100,80,5.75
7.1333,40.7,Ginir,ET,1665505069,61.93,74,76,4.0
41.3712,-73.414,Bethel,US,1665505069,66.02,0,55,6.91
50.7214,136.6319,Solnechnyy,RU,1665505070,33.96,100,92,6.93
69.4058,86.1778,Dudinka,RU,1665505070,33.46,100,99,4.56
54.6333,-8.45,Killybegs,IE,1665505070,55.11,100,80,20.33
31.8111,121.655,Huilong,CN,1665505071,63.93,63,62,6.85
36.7333,24.4333,Adamantas,GR,1665505071,69.15,58,62,2.24
-28.7667,114.6,Geraldton,AU,1665505072,54.01,40,66,8.05
-22.116,14.2845,Henties Bay,NA,1665505073,61.07,11,84,14.16
-33.0117,17.9442,Saldanha,ZA,1665505073,63.43,79,91,14.23
-46.6,168.3333,Bluff,NZ,1665505074,48.06,100,56,5.01
-19.55,169.2667,Isangel,VU,1665505075,72.88,29,85,8.59
-33.8667,121.9,Esperance,AU,1665505076,52.88,41,69,14.97
60.34,102.2797,Vanavara,RU,1665505076,37.72,100,97,9.93
4.9158,29.4742,Maridi,SS,1665505077,70.21,58,91,1.77
-17.7125,-39.2481,Caravelas,BR,1665505077,82.76,41,53,9.22
3.0707,172.7902,Butaritari,KI,1665505078,81.09,100,80,16.91
55.8214,65.5842,Belozërskoye,RU,1665505078,50.94,100,68,5.35
31.6725,38.6637,Turaif,SA,1665505079,79.05,0,34,9.22
16.9833,73.3,Ratnagiri,IN,1665505079,78.22,100,89,2.64
-0.7393,-90.3518,Puerto Ayora,EC,1665505080,71.56,97,88,7.0
69.3,139.9,Deputatsky,RU,1665505080,0.07,22,85,4.76
-28.0167,18.75,Karasburg,NA,1665505080,90.32,100,14,18.72
64.2539,-15.2082,Hofn,IS,1665505081,46.45,100,97,19.15
20.9,70.3667,Verāval,IN,1665505081,82.42,32,81,7.27
-37.6167,-73.65,Lebu,CL,1665505082,53.06,98,68,6.2
-20.3428,57.7575,Bambous Virieux,MU,1665505082,71.85,40,73,6.91
41.3535,-1.6432,Calatayud,ES,1665505083,65.23,100,67,5.84
-32.25,148.6167,Dubbo,AU,1665505083,55.53,41,76,13.8
-20.2333,164.0167,Poum,NC,1665504902,75.11,39,76,7.0
-34.0527,23.3716,Plettenberg Bay,ZA,1665504874,67.15,74,75,10.56
57.79,-152.4072,Saint Paul Harbor,US,1665505084,42.31,100,61,5.75
-21.2,-175.2,Vaini,TO,1665505084,73.56,20,88,8.05
35.7333,140.8333,Hasaki,JP,1665504963,63.28,100,62,18.03
63.0128,112.4714,Chernyshevskiy,RU,1665504924,34.21,100,98,8.25
-24.8667,113.6333,Carnarvon,AU,1665505085,64.33,91,62,31.38
-2.8856,-40.12,Acaraú,BR,1665505085,90.43,36,46,18.77
31.4167,51.5667,Semīrom,IR,1665505086,58.69,0,24,4.72
-5.1989,-35.4608,Touros,BR,1665505086,85.55,17,55,21.63
11.2333,79.8333,Tirumullaivāsal,IN,1665505087,80.56,41,80,7.54
-20.5167,57.5167,Souillac,MU,1665504854,71.98,40,73,6.91
37.3489,-108.5859,Cortez,US,1665505087,58.03,0,58,0.0
55.1153,83.9059,Gornyy,RU,1665505088,47.08,100,78,10.09
-13.275,-50.1628,São Miguel do Araguaia,BR,1665505088,100.92,95,16,9.98
42.7762,-9.0603,Muros,ES,1665505089,76.84,0,66,9.71
62.456,-114.3525,Yellowknife,CA,1665505089,34.32,100,93,21.85
53.6039,91.3903,Belyy Yar,RU,1665505090,48.09,0,63,11.18
-30.1811,-50.2056,Cidreira,BR,1665505090,65.07,100,90,10.58
39.3558,-9.3811,Peniche,PT,1665505090,74.08,0,79,12.48
66.4167,112.4,Udachny,RU,1665505091,25.61,100,98,6.4
-22.6667,167.4833,Vao,NC,1665505091,71.85,13,75,12.01
38.4953,102.1739,Jinchang,CN,1665504958,53.19,100,18,1.54
-23.85,151.25,Gladstone,AU,1665505092,64.33,6,63,6.91
-20.7377,116.8463,Karratha,AU,1665505092,78.03,0,34,17.63
-15.7667,128.7333,Kununurra,AU,1665505093,78.78,75,69,3.44
63.8424,-22.4338,Grindavik,IS,1665505093,43.27,100,87,13.8
51.3088,119.61,Nerchinskiy Zavod,RU,1665505094,35.76,95,54,1.57
35.2784,-93.1338,Russellville,US,1665505095,79.18,0,53,3.44
66.1451,-65.7125,Pangnirtung,CA,1665504806,23.81,89,72,2.33
-18.1302,30.1407,Chegutu,ZW,1665505096,81.27,0,11,6.6
-45.4167,167.7167,Te Anau,NZ,1665505096,38.57,64,86,2.08
50.1186,-5.5371,Penzance,GB,1665505097,59.77,40,77,9.22
64.3833,-173.3,Provideniya,RU,1665505097,28.9,74,71,10.25
-2.5744,150.7967,Kavieng,PG,1665505098,81.3,98,76,10.45
6.8833,73.1,Dhidhdhoo,MV,1665505098,80.83,81,81,18.05
48.0667,8.45,Villingen-Schwenningen,DE,1665505099,59.97,100,92,4.32
51.0333,-4.2167,Northam,GB,1665505099,58.6,66,68,4.29
-34.4187,19.2345,Hermanus,ZA,1665505100,66.79,91,89,3.62
-21.3585,55.7679,Saint-Philippe,RE,1665505100,71.19,28,74,10.56
28.6585,-17.9182,Los Llanos de Aridane,ES,1665504804,71.35,75,87,9.22
47.5333,21.6333,Debrecen,HU,1665505101,62.37,0,77,4.61
71.9167,114.0833,Saskylakh,RU,1665505101,24.8,100,94,7.49
-4.5772,-81.2719,Talara,PE,1665504867,72.36,0,64,10.36
-32.5,137.7667,Port Augusta,AU,1665505102,64.98,100,52,7.47
29.0331,21.5482,Jalu,LY,1665505102,81.45,99,27,7.02
57.0531,-135.33,Sitka,US,1665505103,53.49,75,82,10.36
40.1629,-8.3327,Lata,PT,1665504986,79.92,27,50,5.06
-21.2078,-159.775,Avarua,CK,1665505103,71.65,75,100,18.41
3.0833,-59.95,Bonfim,BR,1665505104,87.42,99,56,6.76
32.767,22.6367,Darnah,LY,1665505104,72.73,68,66,11.83
32.6667,-17.1,Ponta do Sol,PT,1665504859,77.72,8,59,4.21
-23.7,133.8833,Alice Springs,AU,1665505105,69.35,27,21,9.22
43.213,-8.691,Carballo,ES,1665505105,75.76,22,88,8.08
15.1333,-23.2167,Vila do Maio,CV,1665505106,75.99,96,81,13.89
36.7525,3.042,Algiers,DZ,1665505106,71.42,75,73,8.05
22.2394,68.9678,Dwārka,IN,1665505107,83.91,4,66,10.87
44.9,-89.7668,Marathon,US,1665505107,67.24,20,60,10.36
10.5669,72.642,Kavaratti,IN,1665505108,81.91,100,71,7.78
64.5011,-165.4064,Nome,US,1665505108,24.87,40,86,3.44
24.4667,54.3667,Abu Dhabi,AE,1665504939,87.91,0,75,8.05
65.7,82.4667,Krasnosel'kup,RU,1665505109,36.21,100,91,10.87
3.7833,72.9667,Mahibadhoo,MV,1665505109,80.78,98,79,20.13
46.6806,113.2792,Baruun-Urt,MN,1665505110,38.46,67,26,6.73
34.6667,138.95,Shimoda,JP,1665505110,66.11,100,80,12.66
65.282,-126.8329,Norman Wells,CA,1665504856,23.36,32,90,8.19
64.8378,-147.7164,Fairbanks,US,1665504978,30.6,100,90,5.75
-3.7508,103.6372,Payo,ID,1665505111,72.93,91,97,1.21
50.2441,127.4902,Heihe,CN,1665505111,32.58,0,61,6.08
22.2855,114.1577,Hong Kong,HK,1665505022,76.32,9,65,3.0
60.9167,-46.05,Narsaq,GL,1665504843,37.62,99,74,1.63
-2.6833,111.6167,Pangkalanbuun,ID,1665505112,73.49,100,93,1.14
54.4068,32.4407,Pochinok,RU,1665505112,42.98,9,71,5.08
20.5022,-10.0711,Adrar,MR,1665505112,100.38,99,12,7.83
62.9693,23.0088,Lapua,FI,1665505113,47.08,100,87,8.72
5.3833,-52.95,Sinnamary,GF,1665505113,86.58,44,64,8.68
-34.6667,-54.9167,Departamento de Maldonado,UY,1665505114,55.22,100,72,7.58
59.3833,143.3,Okhotsk,RU,1665505114,30.27,99,76,13.24
-38.7196,-62.2724,Bahía Blanca,AR,1665505114,73.92,0,27,26.46
-33.0393,-71.6273,Valparaíso,CL,1665504816,62.01,20,62,4.61
38.2019,20.4314,Lixouri,GR,1665505115,71.6,40,83,3.44
71.2906,-156.7887,Barrow,US,1665505115,30.22,100,93,25.32
-10.3845,28.698,Mwense,ZM,1665505116,84.9,93,21,3.44
-5.6667,132.75,Tual,ID,1665505117,83.01,96,72,5.88
7.05,38.4667,Awasa,ET,1665505117,62.24,44,84,4.88
36.365,6.6147,Constantine,DZ,1665505118,76.41,40,57,6.91
37.1041,-113.5841,Saint George,US,1665504995,63.19,0,39,4.61
-10.2128,-48.3603,Palmas,BR,1665505056,93.07,75,40,9.22
-33.9258,18.4232,Cape Town,ZA,1665504983,70.09,20,68,16.11
18.7369,7.3853,Arlit,NE,1665505120,97.5,2,10,4.25
65.5833,-171.0,Lavrentiya,RU,1665504841,25.68,18,66,8.1
36.2946,-76.2511,Elizabeth City,US,1665505120,72.03,0,54,6.91
7.9868,117.0645,Balabac,PH,1665505121,81.25,91,80,15.9
36.0972,-115.1467,Paradise,US,1665504877,80.47,20,30,6.91
-9.1667,-60.6333,Aripuanã,BR,1665505121,94.17,99,40,2.55
44.6453,-63.5724,Halifax,CA,1665504907,58.68,40,58,11.5
-42.7826,147.0587,New Norfolk,AU,1665505122,53.71,100,65,1.88
-22.9661,-42.0278,Arraial do Cabo,BR,1665505122,82.26,0,65,19.57
44.7481,132.0403,Kamen'-Rybolov,RU,1665505123,43.65,0,63,8.41
57.2169,94.8978,Taseyevo,RU,1665505123,44.17,100,92,12.91
-28.783,32.0377,Richards Bay,ZA,1665505124,76.98,80,70,17.13
62.2266,-6.589,Klaksvík,FO,1665505124,49.12,67,90,21.27
-32.035,-52.0986,Rio Grande,BR,1665505125,64.51,100,94,10.29
44.1695,8.3436,Finale Ligure,IT,1665505125,73.54,31,72,3.0
-6.1349,12.3689,Soyo,AO,1665505125,80.08,22,72,11.01
31.61,34.7642,Kiryat Gat,IL,1665504868,77.68,0,100,11.68
77.484,-69.3632,Qaanaaq,GL,1665505126,5.77,92,65,7.45
48.4669,-81.3331,Timmins,CA,1665504876,54.66,7,63,10.74
14.4,46.4667,Marzuq,YE,1665505126,78.57,0,26,5.06
5.7667,73.3833,Manadhoo,MV,1665505127,81.0,93,81,20.6
48.0056,91.6419,Khovd,MN,1665505127,37.27,5,47,3.2
18.2833,-70.3333,Baní,DO,1665505128,88.86,14,54,11.56
2.6708,72.8944,Kudahuvadhoo,MV,1665505128,81.41,100,73,19.64
38.7333,-27.0667,Praia da Vitória,PT,1665505128,77.76,20,78,5.19
-6.2167,155.6333,Kieta,PG,1665505129,77.76,100,84,4.32
14.9215,-23.5087,Praia,CV,1665504918,75.74,100,94,2.3
43.7501,-81.7165,Goderich,CA,1665504968,61.12,0,67,11.5
-0.9492,100.3543,Padang,ID,1665505129,73.45,99,85,1.66
-23.35,47.6,Vangaindrano,MG,1665505130,70.05,5,82,6.91
43.0645,44.7417,Oktyabr'skoye,RU,1665505130,46.35,75,75,4.47
-3.432,10.6554,Mayumba,GA,1665505130,79.2,73,81,8.79
32.296,-81.2354,Rincon,US,1665505131,78.84,75,74,10.36
63.7533,-20.2243,Hvolsvollur,IS,1665505131,45.27,100,98,9.46
-23.6752,22.7876,Kang,BW,1665505132,87.94,6,13,9.51
-14.8864,-70.5889,Ayaviri,PE,1665505132,59.72,52,5,5.03
50.2696,85.6108,Ust'-Koksa,RU,1665505132,34.43,49,80,1.07
22.8167,108.3167,Nanning,CN,1665505133,66.65,10,40,2.89
55.219,75.9828,Tatarsk,RU,1665505133,50.77,100,72,6.46
67.6803,53.1512,Iskateley,RU,1665505134,39.22,30,93,7.31
71.6872,128.8694,Tiksi,RU,1665505134,21.85,92,81,22.17
7.9803,49.8164,Eyl,SO,1665505134,78.64,73,79,19.3
43.1548,-77.6156,Rochester,US,1665505068,70.72,0,58,5.75
-26.6481,15.1594,Lüderitz,NA,1665504861,65.16,97,74,11.03
22.7,78.2,Sohāgpur,IN,1665505135,74.03,96,91,4.74
-33.918,25.5701,Port Elizabeth,ZA,1665505135,70.11,20,85,32.21
12.6264,80.1722,Mahabalipuram,IN,1665505136,84.25,9,77,7.7
48.4833,124.8333,Nehe,CN,1665505136,40.75,6,51,4.63
17.0818,122.4157,Dicabisagan,PH,1665505137,77.0,100,92,8.37
-41.4122,175.5153,Waipawa,NZ,1665505137,44.82,87,85,4.16
1.0,-52.0,Amapá,BR,1665504923,97.27,92,30,5.12
52.3334,-109.9348,Macklin,CA,1665505138,44.94,2,44,18.21
43.2686,-7.5406,Bereda,ES,1665505138,68.41,41,87,6.13
25.5198,90.2201,Tura,IN,1665505139,71.42,92,97,3.58
-16.4833,-151.75,Faanui,PF,1665505139,78.35,14,74,15.7
45.5234,-122.6762,Portland,US,1665504906,58.28,20,83,1.99
9.1769,105.15,Ca Mau,VN,1665504962,76.19,100,90,2.93
68.2191,-135.0107,Aklavik,CA,1665505141,21.81,64,89,2.71
-39.0333,-67.5833,General Roca,AR,1665505141,79.63,12,12,24.74
-5.0892,-81.1144,Paita,PE,1665505142,70.48,50,69,11.41
24.8,125.2833,Hirara,JP,1665505142,76.35,100,72,27.4
11.1373,123.7228,Sulangan,PH,1665505143,84.0,100,72,5.84
15.7432,-96.4661,Pochutla,MX,1665505143,75.81,100,90,4.43
12.0672,-16.0333,Canchungo,GW,1665505144,91.53,88,60,1.54
57.9944,31.3608,Staraya Russa,RU,1665505144,47.66,99,66,9.46
-45.5752,-72.0662,Coyhaique,CL,1665504883,56.01,75,58,6.91
-8.9266,125.4092,Airai,TL,1665505145,61.93,100,86,1.12
-40.5667,-73.15,Osorno,CL,1665505145,50.31,100,87,10.36
34.3833,131.2,Nagato,JP,1665505045,58.82,28,73,9.55
18.8003,110.3967,Wanning,CN,1665504954,69.6,52,78,9.31
-27.3667,-70.3333,Copiapó,CL,1665505146,60.49,0,24,8.9
-43.5333,172.6333,Christchurch,NZ,1665504905,48.9,100,90,8.05
54.9376,83.1825,Kol'tsovo,RU,1665505147,51.19,100,73,10.47
-13.8833,167.55,Sola,VU,1665505147,80.19,99,72,4.72
-21.3667,55.6167,Saint-Joseph,RE,1665505148,70.18,23,73,11.39
-19.9842,57.6142,Cap Malheureux,MU,1665505148,71.47,0,68,5.01
67.45,153.6833,Srednekolymsk,RU,1665505148,12.18,26,87,6.38
-32.7167,152.15,Nelson Bay,AU,1665505149,60.01,12,91,5.01
60.3778,92.6267,Teya,RU,1665505149,38.8,100,82,8.93
32.6881,128.8419,Fukuechō,JP,1665505149,64.98,39,64,18.28
-4.6667,-73.5167,Saquena,PE,1665505150,95.72,30,39,2.93
52.4503,64.6311,Kushmurun,KZ,1665505150,52.75,99,39,6.31
-24.2083,-50.9494,Ortigueira,BR,1665505120,68.81,100,81,3.31
-43.249,-65.3051,Trelew,AR,1665505151,72.84,89,18,9.51
51.95,-7.8506,Youghal,IE,1665505151,56.08,100,72,14.54
40.8021,-124.1637,Eureka,US,1665505152,50.61,6,64,0.69
-2.6833,-57.6667,Urucurituba,BR,1665505152,95.68,96,39,6.15
69.3143,16.1194,Andenes,NO,1665505152,44.92,75,87,20.71
-25.2986,152.8535,Hervey Bay,AU,1665505081,60.03,43,83,14.0
-38.3833,142.4833,Warrnambool,AU,1665505153,57.38,100,68,14.5
42.0304,-8.1588,Vila,PT,1665505153,64.71,51,73,3.62
18.9048,-3.5265,Araouane,ML,1665504959,101.73,8,9,6.85
-26.152,26.1597,Lichtenburg,ZA,1665505154,81.0,61,17,11.52
47.8059,38.0211,Novyy Svit,UA,1665505154,50.58,100,80,16.17
66.3167,-179.1667,Egvekinot,RU,1665505155,12.51,32,65,7.14
-34.7333,135.8667,Port Lincoln,AU,1665505155,56.05,99,83,6.31
-24.7911,-50.0119,Castro,BR,1665505067,76.5,94,55,11.74
-46.2817,169.8464,Kaitangata,NZ,1665504936,39.52,23,81,4.29
31.4583,131.2333,Kushima,JP,1665505156,62.4,99,73,5.03
8.1064,122.6208,Patawag,PH,1665505156,79.36,98,85,4.03
51.8462,109.9097,Kizhinga,RU,1665505157,34.47,63,92,7.27
59.5833,151.2833,Ola,RU,1665505157,29.32,99,63,21.25
41.7597,86.1469,Korla,CN,1665505157,46.83,87,71,19.08
53.9,27.5667,Minsk,BY,1665504864,53.35,100,80,6.67
54.7169,-113.2854,Athabasca,CA,1665504907,45.01,0,34,14.72
13.7667,109.2333,Qui Nhon,VN,1665505158,77.92,81,87,14.5
7.9986,124.2928,Marawi,PH,1665505158,69.53,95,93,1.92
70.9963,24.6622,Havøysund,NO,1665505159,48.43,46,76,15.01
-20.7833,117.1333,Roebourne,AU,1665505159,80.47,1,29,16.42
-28.8667,153.5667,Ballina,AU,1665505159,58.01,88,99,6.58
6.4965,2.6036,Porto-Novo,BJ,1665505160,82.67,88,69,8.59
6.3833,10.0667,Wum,CM,1665505160,71.6,62,88,2.28
16.0678,108.2208,Turan,VN,1665505161,73.38,75,94,4.61
46.8633,-114.0484,Orchard Homes,US,1665505101,60.94,0,45,13.0
52.6292,70.4169,Makīnsk,KZ,1665505161,47.37,98,55,4.97
-11.3847,43.2844,Mitsamiouli,KM,1665505162,75.63,23,73,3.53
36.297,59.6062,Mashhad,IR,1665505082,68.14,0,28,11.5
18.35,81.9,Malakanagiri,IN,1665505163,74.52,97,92,1.3
69.4865,88.3972,Talnakh,RU,1665505163,33.82,100,98,9.31
13.6017,26.6876,Umm Kaddadah,SD,1665505164,93.69,75,25,3.24
10.4396,45.0143,Berbera,SO,1665505164,86.23,0,57,7.4
64.75,177.4833,Anadyr,RU,1665505165,18.1,0,86,6.71
-27.1575,152.9576,Burpengary,AU,1665504945,64.22,62,76,5.64
36.2642,2.7539,Médéa,DZ,1665505166,64.09,100,75,2.62
15.85,-97.0667,Puerto Escondido,MX,1665505166,77.83,100,73,8.05
63.7506,-68.5145,Iqaluit,CA,1665505167,26.33,75,58,16.11
30.4067,55.9939,Rafsanjān,IR,1665505167,73.98,0,12,2.24
42.2249,-121.7817,Klamath Falls,US,1665504956,57.87,0,66,3.44
-17.5333,146.0333,Innisfail,AU,1665504943,73.74,59,87,6.87
-16.8065,26.9531,Choma,ZM,1665505168,78.51,4,22,8.52
40.2833,97.2,Yumen,CN,1665505168,48.79,100,29,10.22
60.3964,-1.353,Brae,GB,1665505169,50.83,100,86,11.97
-28.65,153.6167,Byron Bay,AU,1665505169,57.94,85,82,7.74
5.8933,95.3214,Sabang,ID,1665505169,81.77,39,76,12.21
6.4,-57.6,Catherinas Lust,GY,1665505170,85.32,100,69,7.16
20.1986,1.0114,Tessalit,ML,1665504979,99.21,49,9,11.32
65.4167,-52.9,Maniitsoq,GL,1665505170,31.21,100,72,9.75
60.4667,166.1,Tilichiki,RU,1665505171,26.04,13,86,3.47
-0.8667,134.0833,Manokwari,ID,1665505171,77.09,100,82,4.61
64.8569,-147.8028,College,US,1665505172,30.58,100,90,5.75
9.1758,7.1808,Suleja,NG,1665505172,81.59,78,68,2.24
1.55,110.3333,Kuching,MY,1665505172,77.22,40,94,2.3
6.4594,124.0892,Kulaman,PH,1665505173,79.0,94,85,1.63
57.4667,-1.7833,Boddam,GB,1665505173,55.78,75,73,13.02
7.0167,39.9833,Goba,ET,1665505174,51.71,68,94,1.1
-31.95,141.4333,Broken Hill,AU,1665505174,65.93,100,37,9.15
25.5333,-103.25,Matamoros,MX,1665505174,75.31,0,55,0.0
26.5412,-77.0636,Marsh Harbour,BS,1665505175,83.17,24,73,10.2
61.3833,152.75,Talaya,RU,1665505175,-1.73,90,100,2.24
-9.8756,-56.0861,Alta Floresta,BR,1665505176,89.42,20,62,3.44
29.7958,-90.8229,Thibodaux,US,1665505113,80.58,8,60,5.01
45.0468,9.6994,Piacenza,IT,1665505176,74.21,0,73,8.05
50.7833,121.5167,Genhe,CN,1665505177,32.4,57,66,1.92
18.425,-65.8329,Vieques,PR,1665505177,89.85,40,66,19.57
0.8102,24.4336,Yangambi,CD,1665505177,73.56,85,91,0.83
21.8525,-78.1169,Esmeralda,CU,1665505178,88.2,63,60,10.85
38.7992,-9.4469,Colares,PT,1665505178,80.26,20,78,9.22
-33.7456,-61.9688,Venado Tuerto,AR,1665505179,73.76,0,19,8.25
-34.0033,24.7314,Kruisfontein,ZA,1665505179,67.89,96,82,18.43
-11.7833,19.9167,Luena,AO,1665505179,87.87,23,13,7.07
-34.4833,-54.3333,Rocha,UY,1665505180,53.44,100,97,3.83
26.3544,127.8686,Gushikawa,JP,1665505180,74.43,100,64,9.22
-33.3667,116.15,Collie,AU,1665505181,41.07,10,90,2.84
3.1001,98.4908,Kabanjahe,ID,1665505181,62.96,96,97,2.8
50.3733,27.9874,Dovbysh,UA,1665505182,49.53,31,61,5.84
35.1333,140.3,Katsuura,JP,1665505182,71.64,100,69,19.26
69.4541,-133.0374,Tuktoyaktuk,CA,1665505182,28.4,100,93,5.75
35.9039,136.1669,Takefu,JP,1665505183,58.59,100,85,6.69
-28.55,16.4333,Oranjemund,NA,1665505183,62.33,90,82,9.35
33.8973,48.7516,Borūjerd,IR,1665505184,71.69,0,10,11.5
-16.9833,-65.1333,Chimoré,BO,1665505184,71.55,100,48,3.2
-17.397,32.2268,Mutoko,ZW,1665505185,74.93,0,21,11.16
23.6667,-100.1833,Doctor Arroyo,MX,1665505185,66.13,56,67,4.21
4.423,-7.3528,Tabou,CI,1665505186,80.55,86,74,9.98
59.7,150.1667,Arman',RU,1665505186,26.53,99,67,13.13
65.8167,87.9833,Turukhansk,RU,1665505187,33.8,100,98,13.87
8.1222,-63.5497,Ciudad Bolivar,VE,1665505188,91.13,52,48,7.83
1.7427,98.7792,Sibolga,ID,1665505188,77.2,96,85,3.13
-21.0096,55.2707,Saint-Paul,RE,1665505188,71.71,60,79,0.67
54.1742,103.0304,Ust'-Uda,RU,1665505189,38.43,100,83,3.4
44.2911,-105.5022,Gillette,US,1665505189,54.03,20,61,20.0
16.5167,-98.75,Barra de Tecoanapa,MX,1665505190,83.23,100,67,3.51
42.2506,-75.833,Broome,US,1665505190,65.7,0,69,6.91
70.8578,29.0864,Berlevåg,NO,1665505191,48.0,0,81,10.36
62.8833,152.4333,Seymchan,RU,1665505191,0.39,68,99,1.07
53.858,120.875,Amazar,RU,1665505192,33.26,78,78,1.19
22.6783,-3.9836,Taoudenni,ML,1665505192,104.09,63,12,6.04
41.3165,-73.0932,Shelton,US,1665505126,67.5,0,56,9.22
12.0564,-61.7485,St. George's,GD,1665505193,80.28,75,89,13.8
35.2937,-2.9383,Melilla,ES,1665505193,71.98,20,83,3.44
-19.6667,22.2667,Nokaneng,BW,1665505193,92.39,6,10,9.75
21.1167,70.1167,Māngrol,IN,1665505194,82.74,15,77,7.14
-7.9139,39.6668,Kilindoni,TZ,1665505194,76.35,4,69,14.09
41.7001,-71.4162,Warwick,US,1665504931,66.38,20,52,9.22
44.0833,4.8333,Arrondissement d'Avignon,FR,1665505195,76.62,0,57,2.3
36.5281,37.9549,Manbij,SY,1665505195,73.69,0,28,0.87
45.9241,47.0474,Zenzeli,RU,1665505195,61.61,3,41,11.59
-8.5833,116.1167,Mataram,ID,1665505196,74.21,100,84,5.39
17.0151,54.0924,Salalah,OM,1665505196,78.89,0,83,2.3
-6.6447,-51.995,São Félix do Xingu,BR,1665505197,92.71,97,39,3.4
-30.5167,151.65,Armidale,AU,1665505197,40.8,70,97,5.3
33.7499,45.5541,Mandalī,IQ,1665505198,82.67,0,19,8.61
22.9333,57.5333,Nizwá,OM,1665505198,83.5,6,12,4.7
47.8861,134.9464,Khor,RU,1665505199,35.13,3,88,7.96
-35.1667,173.1667,Ahipara,NZ,1665505199,54.88,100,87,4.41
52.6333,29.7333,Forsytheganj,BY,1665505199,46.13,25,66,5.99
46.4856,135.8833,Vostok,RU,1665505200,30.58,40,95,4.97
63.7256,8.834,Sistranda,NO,1665505200,44.56,100,67,31.18
22.3,-103.5833,Monte Escobedo,MX,1665505201,62.31,28,54,3.33
-16.6542,-41.0306,Joaíma,BR,1665505201,95.27,12,21,9.17
58.8053,-122.7002,Fort Nelson,CA,1665504967,47.79,75,43,9.22
-25.1667,45.05,Beloha,MG,1665505202,70.48,4,75,17.87
40.4272,71.7189,Yangi Marg`ilon,UZ,1665505202,57.92,0,51,6.91
52.225,141.5131,Lazarev,RU,1665505202,42.48,100,92,25.43
23.8333,73.7167,Dūngarpur,IN,1665505203,80.24,47,49,0.69
36.1926,44.0106,Erbil,IQ,1665505137,75.02,0,23,4.61
34.8014,-106.5436,Meadow Lake,US,1665505204,63.66,0,80,8.08
15.4,73.8,Mormugao,IN,1665505204,78.06,75,89,5.75
68.0531,39.5131,Ostrovnoy,RU,1665505205,43.88,30,86,18.19
58.6881,99.1844,Kodinsk,RU,1665505205,41.97,100,97,11.36
-29.9533,-71.3436,Coquimbo,CL,1665505205,58.73,20,67,13.8
60.7167,-46.0333,Qaqortoq,GL,1665505206,35.64,96,67,7.78
-17.4759,24.2968,Sesheke,ZM,1665505206,88.66,1,11,8.63
33.6668,-95.5836,Lamar,US,1665505207,76.91,40,55,12.66
-3.6954,128.1814,Ambon City,ID,1665505207,75.34,40,94,9.22
44.9497,12.3245,Porto Tolle,IT,1665505208,67.35,99,59,2.98
42.2401,125.7172,Liuhe,CN,1665505209,37.45,0,74,4.43
48.9329,-125.5528,Ucluelet,CA,1665504944,51.1,6,93,2.91
29.9502,-91.7507,Iberia,US,1665505210,79.97,0,34,12.66
17.35,82.55,Tuni,IN,1665505210,77.85,91,86,2.48
-25.2406,130.9889,Yulara,AU,1665504948,77.65,96,23,18.52
-9.1061,124.8925,Atambua,ID,1665505077,76.59,100,77,1.19
40.5982,-124.1573,Fortuna,US,1665505211,50.34,100,100,3.44
55.7435,-97.8558,Thompson,CA,1665505212,53.76,75,71,4.61
-5.5502,150.1429,Kimbe,PG,1665505212,74.97,89,91,4.47
32.6941,47.2679,Dehlorān,IR,1665505213,85.69,0,14,10.47
-2.5333,112.95,Sampit,ID,1665505213,74.16,99,93,1.07
-11.7358,24.4293,Mwinilunga,ZM,1665505214,83.64,93,16,9.22
13.3154,12.6113,Diffa,NE,1665505214,95.56,10,16,15.84
20.8947,-156.47,Kahului,US,1665505215,75.85,20,83,3.44
-23.3833,150.5,Rockhampton,AU,1665505214,64.29,7,68,8.05
61.2767,108.0108,Yerbogachën,RU,1665505215,37.36,100,97,10.18
61.95,159.2333,Evensk,RU,1665505216,19.99,1,70,13.91
9.3167,41.45,Deder,ET,1665505216,61.23,97,61,1.86
20.931,-17.0347,Nouadhibou,MR,1665505216,84.18,90,48,17.27
12.9983,8.9099,Magaria,NE,1665505217,96.4,4,15,11.3
22.1167,95.1333,Monywa,MM,1665505217,79.88,32,73,4.83
18.7333,-103.6833,Coahuayana Viejo,MX,1665505218,87.24,78,62,1.21
33.3597,129.5531,Hirado,JP,1665505218,54.39,39,65,17.92
47.4667,84.8667,Zaysan,KZ,1665505218,41.25,4,58,3.83
43.6702,-7.4101,Cervo,ES,1665505219,65.97,20,84,7.02
45.6169,-61.3485,Port Hawkesbury,CA,1665505219,57.9,20,58,9.22
35.1,140.1,Kamogawa,JP,1665505220,69.87,100,74,14.88
13.9016,123.2913,Cagliliog,PH,1665505220,79.34,100,89,7.14
66.8333,70.8333,Yar-Sale,RU,1665505220,38.89,100,88,15.52
2.0167,112.9333,Kapit,MY,1665505221,72.88,100,99,0.92
31.5,34.4667,Gaza,PS,1665505221,75.88,0,66,11.61
15.2833,-92.7,Acapetahua,MX,1665505222,77.68,100,88,0.81
50.8552,0.5729,Hastings,GB,1665504942,58.98,7,60,2.57
54.5153,30.4053,Orsha,BY,1665505205,44.58,51,73,7.49
38.8019,-94.4527,Raymore,US,1665505215,69.51,20,85,16.11
2.6185,44.8938,Wanlaweyn,SO,1665505223,77.94,66,69,19.57
-5.9475,29.1947,Kalemie,CD,1665505223,79.2,80,47,2.08
13.0667,-59.5333,Oistins,BB,1665504989,77.09,75,94,14.97
-18.65,-173.9833,Neiafu,TO,1665505223,74.08,40,83,6.91
-39.2,173.8833,Okato,NZ,1665505224,54.18,100,93,1.59
-26.7852,-60.4388,Presidencia Roque Sáenz Peña,AR,1665505224,76.57,21,36,3.94
-46.1333,167.6833,Tuatapere,NZ,1665505225,42.37,77,77,1.14
-33.4166,149.5806,Bathurst,AU,1665505225,42.96,37,96,1.01
59.4184,52.3605,Svetlopolyansk,RU,1665505226,38.98,6,85,3.04
0.4186,33.1731,Njeru,UG,1665505226,68.4,53,77,2.82
36.6177,-121.9166,Pacific Grove,US,1665505227,53.71,100,97,4.0
54.4333,113.6,Bagdarin,RU,1665505227,34.75,100,81,3.31
22.7675,-81.5675,Alacranes,CU,1665505227,86.49,16,60,12.21
-7.0244,-37.28,Patos,BR,1665505228,96.84,5,21,19.15
-31.5375,-68.5364,San Juan,AR,1665505228,76.24,0,12,9.15
18.4167,84.05,Narasannapeta,IN,1665505229,78.69,94,84,2.04
55.8008,42.7706,Vacha,RU,1665505229,46.42,100,84,7.76
49.5776,111.9753,Kyra,RU,1665505229,36.07,99,63,5.3
52.0833,59.725,Kvarkeno,RU,1665505230,51.44,100,40,7.54
-41.8697,-73.8203,Ancud,CL,1665505231,48.74,100,96,15.46
20.2167,-96.7833,Nautla,MX,1665505231,74.41,100,88,13.44
5.5167,5.75,Warri,NG,1665505232,84.02,60,71,6.89
63.05,179.3167,Beringovskiy,RU,1665505232,31.95,96,53,2.35
55.4627,-4.6339,Ayr,GB,1665505233,55.38,40,71,13.8
-16.2525,-47.9503,Luziânia,BR,1665505234,89.98,32,19,13.13
32.2207,-98.2023,Stephenville,US,1665505234,78.76,40,58,13.8
-0.95,-80.7333,Manta,EC,1665505235,74.98,75,78,11.5
-34.6177,-68.3301,San Rafael,AR,1665505235,73.87,0,13,1.95
60.1432,-45.2371,Nanortalik,GL,1665505236,36.68,93,77,10.6
52.4668,-113.7353,Lacombe,CA,1665505236,44.33,3,45,12.39
5.6592,-53.7767,Mana,GF,1665505236,86.92,15,63,8.63
49.5,-115.0687,Fernie,CA,1665505237,44.69,0,77,4.23
39.7662,2.7152,Soller,ES,1665505237,72.86,100,79,2.84
-2.5983,-43.4611,Humberto de Campos,BR,1665505238,97.86,94,33,6.69
62.892,54.9635,Voyvozh,RU,1665505238,39.6,100,96,4.47
9.5601,-69.2148,Araure,VE,1665505238,83.75,90,71,2.89
33.7333,135.9833,Shingū,JP,1665505239,56.7,39,78,6.38
41.6561,-0.8773,Zaragoza,ES,1665505159,73.02,20,66,5.75
46.875,-96.9004,West Fargo,US,1665505006,68.02,0,44,17.27
39.0751,-84.4472,Fort Thomas,US,1665505240,72.77,75,45,12.66
51.3674,110.4676,Khilok,RU,1665505240,36.46,99,85,9.71
-12.0432,-77.0282,Lima,PE,1665505106,61.05,75,77,10.36
10.9995,122.6711,Dingle,PH,1665504985,76.33,100,88,3.47
-28.7323,24.7623,Kimberley,ZA,1665505241,87.49,40,14,10.36
42.1584,-72.3287,Palmer,US,1665505241,63.25,5,57,5.46
-30.7414,30.455,Port Shepstone,ZA,1665505241,85.42,76,39,28.61
51.0239,45.6969,Krasnoarmeysk,RU,1665505242,51.89,59,74,3.6
-9.6567,120.2641,Waingapu,ID,1665505242,79.88,100,81,2.84
1.1667,108.9667,Pemangkat,ID,1665505243,78.8,74,80,1.97
-41.45,147.1667,Launceston,AU,1665505243,55.8,75,79,5.75
26.1384,68.2736,Sakrand,PK,1665505243,85.96,0,13,4.16
-8.145,159.5921,Buala,SB,1665505244,78.85,5,76,1.68
51.3813,1.3862,Margate,GB,1665505244,58.69,9,61,1.99
-2.0226,147.2712,Lorengau,PG,1665505245,79.48,100,69,4.18
22.5667,59.5289,Sur,OM,1665505245,81.03,2,50,1.92
-0.4536,39.6401,Garissa,KE,1665505245,85.48,4,34,24.27
-21.6403,-41.0511,São João da Barra,BR,1665505246,84.29,6,71,17.25
68.005,35.0117,Lovozero,RU,1665505246,41.31,100,89,7.18
10.346,107.0843,Vung Tau,VN,1665505036,77.95,100,88,5.28
-33.4833,150.15,Lithgow,AU,1665505247,41.99,59,99,1.61
32.7802,117.9638,Mingguang,CN,1665505247,53.76,0,43,3.49
-34.6,138.7333,Gawler,AU,1665505247,60.48,64,74,1.21
2.8197,-60.6733,Boa Vista,BR,1665505196,84.18,75,70,3.44
18.3851,42.4509,Faya,SA,1665505248,71.71,6,41,4.5
64.1123,-21.913,Kopavogur,IS,1665505248,43.84,100,87,13.8
43.3236,145.575,Nemuro,JP,1665505249,56.55,99,67,23.02
39.05,-27.9833,Lagoa,PT,1665505249,70.45,1,79,4.32
17.4189,121.4443,Tabuk,PH,1665505250,73.99,99,95,6.96
18.217,-63.0578,The Valley,AI,1665505250,86.14,40,74,13.8
-13.8483,136.4192,Alyangula,AU,1665505250,80.13,30,78,8.01
35.5362,-100.9599,Pampa,US,1665505251,73.18,0,60,20.71
-13.8745,-171.5986,Lufilufi,WS,1665505251,80.4,16,75,12.03
44.7142,43.0008,Aleksandrovskoye,RU,1665505112,55.51,89,53,14.27
59.5714,7.9877,Åmot,NO,1665505252,41.76,90,69,4.85
14.299,122.6504,Larap,PH,1665505252,78.78,100,90,7.05
15.8,-84.2833,Barra Patuca,HN,1665505253,84.34,96,73,7.87
29.1966,-96.2697,El Campo,US,1665505253,84.81,40,50,10.36
59.6425,-151.5483,Homer,US,1665505254,39.07,100,79,8.01
46.4083,-105.8406,Miles City,US,1665505255,54.57,0,54,27.63
56.2389,43.4631,Dzerzhinsk,RU,1665505255,51.62,75,76,8.95
53.5102,142.9671,Ekhabi,RU,1665505256,40.32,100,97,22.84
51.8334,38.1302,Kastornoye,RU,1665505257,48.34,100,86,13.11
14.2,24.6667,Kutum,SD,1665505048,85.98,30,20,11.5
50.9626,16.3501,Strzegom,PL,1665505257,51.73,9,60,3.62
45.0205,-93.218,Saint Anthony,US,1665505258,71.29,0,61,18.41
46.3834,-82.6331,Elliot Lake,CA,1665505258,56.93,21,57,7.81
-1.8953,-49.3806,Limoeiro do Ajuru,BR,1665505259,89.98,56,52,6.87
51.1631,54.9918,Sol'-Iletsk,RU,1665505259,55.65,100,35,9.46
70.9457,27.3465,Kjøllefjord,NO,1665505260,48.25,0,81,2.3
52.6278,1.2983,Norwich,GB,1665505231,59.99,20,59,3.44
29.4333,-110.4,Ures,MX,1665505260,79.05,0,40,2.35
-31.6683,18.5012,Vredendal,ZA,1665505261,73.11,76,51,13.6
33.6117,-111.7174,Fountain Hills,US,1665505181,82.98,0,39,4.0
-16.7,-151.0167,Fare,PF,1665505261,77.36,10,77,14.12
69.2167,-51.1,Ilulissat,GL,1665505262,32.02,75,64,4.61
3.4568,8.5547,Luba,GQ,1665505262,79.29,80,81,5.21
10.95,106.8167,Bien Hoa,VN,1665505263,78.78,100,95,5.5
65.9939,57.5281,Usinsk,RU,1665505263,39.81,92,92,10.04
12.4498,10.0444,Hadejia,NG,1665505263,95.7,3,18,9.93
-13.5432,23.1047,Zambezi,ZM,1665505264,90.46,96,12,6.6
46.6166,10.7002,Laas,IT,1665505265,63.48,100,75,2.17
40.8106,111.6522,Hohhot,CN,1665505248,34.09,0,40,2.24
-28.24,-48.6703,Imbituba,BR,1665505265,67.86,100,91,2.84
54.1502,-115.6855,Whitecourt,CA,1665505266,40.24,20,60,16.11
46.4333,26.4,Asău,RO,1665505266,52.72,99,63,1.03
